"name","disposition","domain","mathematical_or_statistical_assumptions","limitations","evidence_scope","source","direct_test_files","geometry_status_separate"
"dacg","validated_restricted","Angular models on sphere/Stiefel (MACG also descends to Grassmann), densities relative to uniform probability measure.","Positive-definite shape parameter is scale invariant and trace normalized. Interior identifiable estimation requires adequate dispersion across proper subspaces.","Fixed-point convergence is reported but does not certify existence/uniqueness. Full-dimensional MACG estimation is unidentifiable and errors. Density overflow may require log=TRUE.","Independent density formula/integration, scale and basis invariance, polar sample membership and fixed-point residual tests.","R/dist_acg.R:75","tests/testthat/test-legacy-contracts.R",TRUE
"density","experimental","Spherical Laplace/normal mixture EM and associated accessors.","Component normalization, finite likelihood, mixing weights and local EM optimization must be validated.","Mixture identifiability, local optima, likelihood monotonicity, concentration boundaries and information-criterion parameter counts need audit. Accessors inherit the fitted-model limitations.","Static source/dependency mapping; no universal mixture fitting or selection validation.","R/mixture_methods.R:131","tests/testthat/test-legacy-contracts.R",TRUE
"density.moSL","experimental","Spherical Laplace/normal mixture EM and associated accessors.","Component normalization, finite likelihood, mixing weights and local EM optimization must be validated.","Mixture identifiability, local optima, likelihood monotonicity, concentration boundaries and information-criterion parameter counts need audit. Accessors inherit the fitted-model limitations.","Static source/dependency mapping; no universal mixture fitting or selection validation.","R/mixture_sphere_SL.R:459","",TRUE
"density.moSN","experimental","Spherical Laplace/normal mixture EM and associated accessors.","Component normalization, finite likelihood, mixing weights and local EM optimization must be validated.","Mixture identifiability, local optima, likelihood monotonicity, concentration boundaries and information-criterion parameter counts need audit. Accessors inherit the fitted-model limitations.","Static source/dependency mapping; no universal mixture fitting or selection validation.","R/mixture_sphere_SN.R:526","",TRUE
"dmacg","validated_restricted","Angular models on sphere/Stiefel (MACG also descends to Grassmann), densities relative to uniform probability measure.","Positive-definite shape parameter is scale invariant and trace normalized. Interior identifiable estimation requires adequate dispersion across proper subspaces.","Fixed-point convergence is reported but does not certify existence/uniqueness. Full-dimensional MACG estimation is unidentifiable and errors. Density overflow may require log=TRUE.","Independent density formula/integration, scale and basis invariance, polar sample membership and fixed-point residual tests.","R/dist_macg.R:77","tests/testthat/test-legacy-contracts.R",TRUE
"dsplaplace","experimental","Geodesic spherical normal/Laplace likelihoods relative to surface-area measure.","Stable radial quadrature and direct log densities; dispersion estimation solves the score on an adaptive bracket with explicit uniform and point-mass boundaries.","Location fitting on a sphere need not find a global optimum. Point-mass limits are not ordinary surface densities. Broad high-dimensional optimizer/distributional certification is not claimed.","Independent circle normalizers, likelihood scores, concentration/scale boundaries, finite log-tail and optimizer agreement regression tests.","R/dist_splaplace.R:95","tests/testthat/test-audit-distributions.R",TRUE
"dspnorm","experimental","Geodesic spherical normal/Laplace likelihoods relative to surface-area measure.","Stable radial quadrature and direct log densities; dispersion estimation solves the score on an adaptive bracket with explicit uniform and point-mass boundaries.","Location fitting on a sphere need not find a global optimum. Point-mass limits are not ordinary surface densities. Broad high-dimensional optimizer/distributional certification is not claimed.","Independent circle normalizers, likelihood scores, concentration/scale boundaries, finite log-tail and optimizer agreement regression tests.","R/dist_spnorm.R:98","tests/testthat/test-audit-distributions.R",TRUE
"fitted.m2skreg","core","Scalar-response Gaussian Nadaraya-Watson regression using available distances.","Finite scalar responses; positive finite bandwidth; explicit fold assignment or randomized K-fold validation.","Self-weights enter training fitted values. Positive radial weights do not assert that a kernel is positive semidefinite. Prediction stores geometry; no automatic inferential intervals.","Independent weighted-average and all-fold CV fixtures, extreme bandwidth/response tests, failure and persistence tests.","R/inference_m2skreg.R:119","",TRUE
"grassmann.optmacg","experimental","Stochastic black-box optimization on Grassmann/Stiefel representations.","Objective must be a finite scalar and Grassmann objectives must be basis invariant. Stiefel QR factors receive column signs from the triangular diagonal.","No global optimum certificate; finite-run annealing/population convergence is not established.","Regression tests for both Stiefel hemispheres, manifold membership and objective-consistent returns above the former Grassmann sentinel.","R/special_grassmann_optmacg.R:68","tests/testthat/test-audit-optimizers.R",TRUE
"grassmann.runif","experimental","Uniform probability draws in the declared representation.","Sphere normalization and Stiefel/Grassmann orthogonalization must generate the intended invariant probability law.","Representation validity alone does not verify a distribution or cross-platform RNG sequence; full independent moment/distribution tests remain pending.","Source/native RNG mapping and manifold membership checks where available.","R/special_grassmann_runif.R:36","",TRUE
"grassmann.utest","experimental","Asymptotic Rayleigh or Bingham moment tests of invariant uniformity.","Independent identically distributed observations, appropriate dimensions and asymptotic calibration; moment tests need not detect all nonuniform alternatives.","Finite-sample and modified-expansion calibration are not certified. Grassmann proper-subspace requirement and singular p=2 modified formula are explicitly restricted.","Static formula review plus explicit singular-domain boundary tests; Monte Carlo size/power study pending.","R/special_grassmann_utest.R:70","tests/testthat/test-legacy-contracts.R",TRUE
"label","experimental","Spherical Laplace/normal mixture EM and associated accessors.","Component normalization, finite likelihood, mixing weights and local EM optimization must be validated.","Mixture identifiability, local optima, likelihood monotonicity, concentration boundaries and information-criterion parameter counts need audit. Accessors inherit the fitted-model limitations.","Static source/dependency mapping; no universal mixture fitting or selection validation.","R/mixture_methods.R:89","",TRUE
"label.moSL","experimental","Spherical Laplace/normal mixture EM and associated accessors.","Component normalization, finite likelihood, mixing weights and local EM optimization must be validated.","Mixture identifiability, local optima, likelihood monotonicity, concentration boundaries and information-criterion parameter counts need audit. Accessors inherit the fitted-model limitations.","Static source/dependency mapping; no universal mixture fitting or selection validation.","R/mixture_sphere_SL.R:429","",TRUE
"label.moSN","experimental","Spherical Laplace/normal mixture EM and associated accessors.","Component normalization, finite likelihood, mixing weights and local EM optimization must be validated.","Mixture identifiability, local optima, likelihood monotonicity, concentration boundaries and information-criterion parameter counts need audit. Accessors inherit the fitted-model limitations.","Static source/dependency mapping; no universal mixture fitting or selection validation.","R/mixture_sphere_SN.R:496","",TRUE
"loglkd","experimental","Spherical Laplace/normal mixture EM and associated accessors.","Component normalization, finite likelihood, mixing weights and local EM optimization must be validated.","Mixture identifiability, local optima, likelihood monotonicity, concentration boundaries and information-criterion parameter counts need audit. Accessors inherit the fitted-model limitations.","Static source/dependency mapping; no universal mixture fitting or selection validation.","R/mixture_methods.R:48","",TRUE
"loglkd.moSL","experimental","Spherical Laplace/normal mixture EM and associated accessors.","Component normalization, finite likelihood, mixing weights and local EM optimization must be validated.","Mixture identifiability, local optima, likelihood monotonicity, concentration boundaries and information-criterion parameter counts need audit. Accessors inherit the fitted-model limitations.","Static source/dependency mapping; no universal mixture fitting or selection validation.","R/mixture_sphere_SL.R:406","",TRUE
"loglkd.moSN","experimental","Spherical Laplace/normal mixture EM and associated accessors.","Component normalization, finite likelihood, mixing weights and local EM optimization must be validated.","Mixture identifiability, local optima, likelihood monotonicity, concentration boundaries and information-criterion parameter counts need audit. Accessors inherit the fitted-model limitations.","Static source/dependency mapping; no universal mixture fitting or selection validation.","R/mixture_sphere_SN.R:473","",TRUE
"mle.acg","validated_restricted","Angular models on sphere/Stiefel (MACG also descends to Grassmann), densities relative to uniform probability measure.","Positive-definite shape parameter is scale invariant and trace normalized. Interior identifiable estimation requires adequate dispersion across proper subspaces.","Fixed-point convergence is reported but does not certify existence/uniqueness. Full-dimensional MACG estimation is unidentifiable and errors. Density overflow may require log=TRUE.","Independent density formula/integration, scale and basis invariance, polar sample membership and fixed-point residual tests.","R/dist_acg.R:114","tests/testthat/test-legacy-contracts.R",TRUE
"mle.macg","validated_restricted","Angular models on sphere/Stiefel (MACG also descends to Grassmann), densities relative to uniform probability measure.","Positive-definite shape parameter is scale invariant and trace normalized. Interior identifiable estimation requires adequate dispersion across proper subspaces.","Fixed-point convergence is reported but does not certify existence/uniqueness. Full-dimensional MACG estimation is unidentifiable and errors. Density overflow may require log=TRUE.","Independent density formula/integration, scale and basis invariance, polar sample membership and fixed-point residual tests.","R/dist_macg.R:101","tests/testthat/test-legacy-contracts.R",TRUE
"mle.splaplace","experimental","Geodesic spherical normal/Laplace likelihoods relative to surface-area measure.","Stable radial quadrature and direct log densities; dispersion estimation solves the score on an adaptive bracket with explicit uniform and point-mass boundaries.","Location fitting on a sphere need not find a global optimum. Point-mass limits are not ordinary surface densities. Broad high-dimensional optimizer/distributional certification is not claimed.","Independent circle normalizers, likelihood scores, concentration/scale boundaries, finite log-tail and optimizer agreement regression tests.","R/dist_splaplace.R:154","tests/testthat/test-audit-distributions.R",TRUE
"mle.spnorm","experimental","Geodesic spherical normal/Laplace likelihoods relative to surface-area measure.","Stable radial quadrature and direct log densities; dispersion estimation solves the score on an adaptive bracket with explicit uniform and point-mass boundaries.","Location fitting on a sphere need not find a global optimum. Point-mass limits are not ordinary surface densities. Broad high-dimensional optimizer/distributional certification is not claimed.","Independent circle normalizers, likelihood scores, concentration/scale boundaries, finite log-tail and optimizer agreement regression tests.","R/dist_spnorm.R:157","tests/testthat/test-audit-distributions.R",TRUE
"moSL","experimental","Spherical Laplace/normal mixture EM and associated accessors.","Component normalization, finite likelihood, mixing weights and local EM optimization must be validated.","Mixture identifiability, local optima, likelihood monotonicity, concentration boundaries and information-criterion parameter counts need audit. Accessors inherit the fitted-model limitations.","Static source/dependency mapping; no universal mixture fitting or selection validation.","R/mixture_sphere_SL.R:84","",TRUE
"moSN","experimental","Spherical Laplace/normal mixture EM and associated accessors.","Component normalization, finite likelihood, mixing weights and local EM optimization must be validated.","Mixture identifiability, local optima, likelihood monotonicity, concentration boundaries and information-criterion parameter counts need audit. Accessors inherit the fitted-model limitations.","Static source/dependency mapping; no universal mixture fitting or selection validation.","R/mixture_sphere_SN.R:85","",TRUE
"plot.riem_pga","core","Declared tangent/chart PCA: Euclidean, SPD affine-invariant or log-Euclidean, round sphere and supported regular landmark configurations.","Coordinates are metric compatible at the saved base point; prediction reuses that base point and basis.","Tangent/chart approximation rather than exact nonlinear PGA. Cut loci and singular/ambiguous landmark alignments are restricted; explained variance is in the declared coordinate model.","Independent coordinate, reconstruction, variance and persistence tests, including highly unequal positive weights and normalization underflow rejection.","R/visualization_pga.R:306","",TRUE
"plot.riem_summary","core","Presentation of validated inputs and saved summary metadata.","Presentation adds no inferential calibration.","Convergence and estimand fields of the underlying fit remain authoritative.","Summary object/interface tests; no separate estimator claim.","R/model_methods.R:69","",TRUE
"predict.m2skreg","core","Scalar-response Gaussian Nadaraya-Watson regression using available distances.","Finite scalar responses; positive finite bandwidth; explicit fold assignment or randomized K-fold validation.","Self-weights enter training fitted values. Positive radial weights do not assert that a kernel is positive semidefinite. Prediction stores geometry; no automatic inferential intervals.","Independent weighted-average and all-fold CV fixtures, extreme bandwidth/response tests, failure and persistence tests.","R/inference_m2skreg.R:76","",TRUE
"predict.riem_kmeans","core","Squared-distance clustering with shared compatible means and explicit algorithms.","Lloyd/local optimization, initialization, ties and empty clusters follow the saved controls.","General-manifold global optimum and approximation guarantees are not claimed; accelerated pruning requires the documented metric contract.","Clustering objective, prediction and diagnostic tests; read fit convergence.","R/clustering_kmeans.R:172","",TRUE
"predict.riem_pga","core","Declared tangent/chart PCA: Euclidean, SPD affine-invariant or log-Euclidean, round sphere and supported regular landmark configurations.","Coordinates are metric compatible at the saved base point; prediction reuses that base point and basis.","Tangent/chart approximation rather than exact nonlinear PGA. Cut loci and singular/ambiguous landmark alignments are restricted; explained variance is in the declared coordinate model.","Independent coordinate, reconstruction, variance and persistence tests, including highly unequal positive weights and normalization underflow rejection.","R/visualization_pga.R:220","",TRUE
"print.m2skreg","core","Scalar-response Gaussian Nadaraya-Watson regression using available distances.","Finite scalar responses; positive finite bandwidth; explicit fold assignment or randomized K-fold validation.","Self-weights enter training fitted values. Positive radial weights do not assert that a kernel is positive semidefinite. Prediction stores geometry; no automatic inferential intervals.","Independent weighted-average and all-fold CV fixtures, extreme bandwidth/response tests, failure and persistence tests.","R/inference_m2skreg.R:154","",TRUE
"print.riem_geometry","core","Serializable geometry metadata and primitive availability registry.","Metric, representation dimension and persisted parameters belong to the statistical model.","Availability is distinct from mathematical validation and method calibration; registry validation_status must be read.","Geometry specification and persistence tests.","R/geometry.R:160","",TRUE
"print.riem_kmeans","core","Squared-distance clustering with shared compatible means and explicit algorithms.","Lloyd/local optimization, initialization, ties and empty clusters follow the saved controls.","General-manifold global optimum and approximation guarantees are not claimed; accelerated pruning requires the documented metric contract.","Clustering objective, prediction and diagnostic tests; read fit convergence.","R/clustering_kmeans.R:185","",TRUE
"print.riem_pga","core","Declared tangent/chart PCA: Euclidean, SPD affine-invariant or log-Euclidean, round sphere and supported regular landmark configurations.","Coordinates are metric compatible at the saved base point; prediction reuses that base point and basis.","Tangent/chart approximation rather than exact nonlinear PGA. Cut loci and singular/ambiguous landmark alignments are restricted; explained variance is in the declared coordinate model.","Independent coordinate, reconstruction, variance and persistence tests, including highly unequal positive weights and normalization underflow rejection.","R/visualization_pga.R:269","",TRUE
"print.riem_summary","core","Presentation of validated inputs and saved summary metadata.","Presentation adds no inferential calibration.","Convergence and estimand fields of the underlying fit remain authoritative.","Summary object/interface tests; no separate estimator claim.","R/model_methods.R:45","",TRUE
"print.riemdata","core","Presentation of validated inputs and saved summary metadata.","Presentation adds no inferential calibration.","Convergence and estimand fields of the underlying fit remain authoritative.","Summary object/interface tests; no separate estimator claim.","R/model_methods.R:17","",TRUE
"print.summary.m2skreg","core","Scalar-response Gaussian Nadaraya-Watson regression using available distances.","Finite scalar responses; positive finite bandwidth; explicit fold assignment or randomized K-fold validation.","Self-weights enter training fitted values. Positive radial weights do not assert that a kernel is positive semidefinite. Prediction stores geometry; no automatic inferential intervals.","Independent weighted-average and all-fold CV fixtures, extreme bandwidth/response tests, failure and persistence tests.","R/inference_m2skreg.R:168","",TRUE
"print.summary.riem_pga","core","Declared tangent/chart PCA: Euclidean, SPD affine-invariant or log-Euclidean, round sphere and supported regular landmark configurations.","Coordinates are metric compatible at the saved base point; prediction reuses that base point and basis.","Tangent/chart approximation rather than exact nonlinear PGA. Cut loci and singular/ambiguous landmark alignments are restricted; explained variance is in the declared coordinate model.","Independent coordinate, reconstruction, variance and persistence tests, including highly unequal positive weights and normalization underflow rejection.","R/visualization_pga.R:296","",TRUE
"racg","validated_restricted","Angular models on sphere/Stiefel (MACG also descends to Grassmann), densities relative to uniform probability measure.","Positive-definite shape parameter is scale invariant and trace normalized. Interior identifiable estimation requires adequate dispersion across proper subspaces.","Fixed-point convergence is reported but does not certify existence/uniqueness. Full-dimensional MACG estimation is unidentifiable and errors. Density overflow may require log=TRUE.","Independent density formula/integration, scale and basis invariance, polar sample membership and fixed-point residual tests.","R/dist_acg.R:98","tests/testthat/test-legacy-contracts.R",TRUE
"residuals.m2skreg","core","Scalar-response Gaussian Nadaraya-Watson regression using available distances.","Finite scalar responses; positive finite bandwidth; explicit fold assignment or randomized K-fold validation.","Self-weights enter training fitted values. Positive radial weights do not assert that a kernel is positive semidefinite. Prediction stores geometry; no automatic inferential intervals.","Independent weighted-average and all-fold CV fixtures, extreme bandwidth/response tests, failure and persistence tests.","R/inference_m2skreg.R:127","",TRUE
"riem.capabilities","core","Serializable geometry metadata and primitive availability registry.","Metric, representation dimension and persisted parameters belong to the statistical model.","Availability is distinct from mathematical validation and method calibration; registry validation_status must be read.","Geometry specification and persistence tests.","R/geometry.R:27","",TRUE
"riem.clrq","experimental","Competitive learning by stochastic intrinsic updates.","Intrinsic exp/log/metric consistency and a valid stochastic approximation gain schedule are needed.","Default t^-1/2-type gain does not by itself meet the usual square-summable stochastic approximation condition; no general convergence claim. Private initialization helper remains.","Static source review; general-manifold convergence and finite-run diagnostics pending.","R/clustering_clrq.R:81","",TRUE
"riem.coreset18B","experimental","Importance-sampled weighted coreset and associated clustering.","Independent draws with replacement use weights 1/(M q_i); clustering applies those weights to compatible Frechet center updates. Cited approximation bounds depend on the source theorem distance/center assumptions.","Theorem conditions are not proved for every native manifold. Duplicate draws and empty clusters are possible; a finite local fit is not a global optimization or approximation certificate.","Independent finite-design expectation, sampling weight, weighted-center/objective, zero-dispersion and iteration-control regression tests; theorem transfer remains unestablished.","R/learning_coreset18B.R:84","tests/testthat/test-audit-coresets.R",TRUE
"riem.distlp","experimental","Sampled curve discrepancy: numerical Lp integration or dynamic time warping.","Lp requires a common ordered sampling grid; DTW depends on an explicit step pattern and endpoint convention.","Grid/zero-length/singleton behavior and numerical integration need review. DTW is generally a dissimilarity, not a metric, and should not support metric-tree guarantees.","Static source/native review; independent curve fixtures pending.","R/curve_distlp.R:65","",TRUE
"riem.dtw","experimental","Sampled curve discrepancy: numerical Lp integration or dynamic time warping.","Lp requires a common ordered sampling grid; DTW depends on an explicit step pattern and endpoint convention.","Grid/zero-length/singleton behavior and numerical integration need review. DTW is generally a dissimilarity, not a metric, and should not support metric-tree guarantees.","Static source/native review; independent curve fixtures pending.","R/curve_dtw.R:66","",TRUE
"riem.fanova","validated_restricted","Compatible converged Frechet means and nondegenerate empirical squared-distance variances, at least three observations per group.","Asymptotic test compares Frechet means and variances under uniqueness, moments/entropy and nonvanishing group proportions. Label permutation requires independent exchangeable observations under identical group distributions.","Not an omnibus all-distribution test; paired/clustered data require another resampling design. Empirical nondegeneracy and solver convergence do not prove population assumptions.","Independent Euclidean equation14 statistic, proportions, scale invariance, refit permutations and plus-one p-value fixtures.","R/inference_fanova.R:61","tests/testthat/test-legacy-contracts.R",TRUE
"riem.fanovaP","validated_restricted","Compatible converged Frechet means and nondegenerate empirical squared-distance variances, at least three observations per group.","Asymptotic test compares Frechet means and variances under uniqueness, moments/entropy and nonvanishing group proportions. Label permutation requires independent exchangeable observations under identical group distributions.","Not an omnibus all-distribution test; paired/clustered data require another resampling design. Empirical nondegeneracy and solver convergence do not prove population assumptions.","Independent Euclidean equation14 statistic, proportions, scale invariance, refit permutations and plus-one p-value fixtures.","R/inference_fanova.R:77","tests/testthat/test-legacy-contracts.R",TRUE
"riem.geometry","core","Serializable geometry metadata and primitive availability registry.","Metric, representation dimension and persisted parameters belong to the statistical model.","Availability is distinct from mathematical validation and method calibration; registry validation_status must be read.","Geometry specification and persistence tests.","R/geometry.R:21","tests/testthat/test-audit-knn.R; tests/testthat/test-core-geometry.R; tests/testthat/test-kmeans.R; tests/testthat/test-membership-persistence.R",TRUE
"riem.hclust","validated_restricted","stats::hclust applied to available unsquared dissimilarities.","Linkage-specific interpretation follows stats::hclust.","Ward, centroid and median Euclidean variance interpretations do not transfer automatically to arbitrary manifold distances; no Frechet-centroid claim.","Supported stats interface comparison; validated finite distances and members.","R/clustering_hclust.R:59","tests/testthat/test-legacy-contracts.R",TRUE
"riem.interp","experimental","Selected native interpolation between manifold observations.","Geodesic uniqueness and the selected intrinsic/extrinsic interpolation definition must hold.","Cut-locus, endpoint, multi-segment and out-of-range behavior are not comprehensively audited; a wrapper passing validation does not ensure a unique path.","Static source/native map; geometry-level restrictions apply independently.","R/basic_interp.R:50","",TRUE
"riem.interps","experimental","Selected native interpolation between manifold observations.","Geodesic uniqueness and the selected intrinsic/extrinsic interpolation definition must hold.","Cut-locus, endpoint, multi-segment and out-of-range behavior are not comprehensively audited; a wrapper passing validation does not ensure a unique path.","Static source/native map; geometry-level restrictions apply independently.","R/basic_interps.R:66","",TRUE
"riem.isomap","validated_restricted","Classical scaling of shortest paths on an actual mutual k-nearest-neighbor graph.","Graph approximation depends on sample coverage and neighborhood choice; zero-cost duplicate edges are retained.","Disconnected graphs error unless artificial padding is explicitly requested and reported. No universal geodesic recovery or global isometry guarantee.","Independent small-graph adjacency/components, duplicate-edge and complete-graph tests.","R/visualization_isomap.R:77","tests/testthat/test-legacy-contracts.R",TRUE
"riem.kmeans","core","Squared-distance clustering with shared compatible means and explicit algorithms.","Lloyd/local optimization, initialization, ties and empty clusters follow the saved controls.","General-manifold global optimum and approximation guarantees are not claimed; accelerated pruning requires the documented metric contract.","Clustering objective, prediction and diagnostic tests; read fit convergence.","R/clustering_kmeans.R:90","tests/testthat/test-kmeans.R; tests/testthat/test-membership-persistence.R",TRUE
"riem.kmeans18B","experimental","Importance-sampled weighted coreset and associated clustering.","Independent draws with replacement use weights 1/(M q_i); clustering applies those weights to compatible Frechet center updates. Cited approximation bounds depend on the source theorem distance/center assumptions.","Theorem conditions are not proved for every native manifold. Duplicate draws and empty clusters are possible; a finite local fit is not a global optimization or approximation certificate.","Independent finite-design expectation, sampling weight, weighted-center/objective, zero-dispersion and iteration-control regression tests; theorem transfer remains unestablished.","R/clustering_kmeans18B.R:93","tests/testthat/test-audit-coresets.R",TRUE
"riem.kmeanspp","core","Squared-distance clustering with shared compatible means and explicit algorithms.","Lloyd/local optimization, initialization, ties and empty clusters follow the saved controls.","General-manifold global optimum and approximation guarantees are not claimed; accelerated pruning requires the documented metric contract.","Clustering objective, prediction and diagnostic tests; read fit convergence.","R/clustering_kmeanspp.R:64","",TRUE
"riem.kmedoids","experimental","PAM-style dissimilarity clustering via a private maotai helper.","Medoids are observed objects and dissimilarities determine the objective.","Private dependency interface and algorithm diagnostics require consolidation; a global optimum is not promised.","Static source and dependency audit; independent algorithm contract remains pending.","R/clustering_kmedoids.R:65","",TRUE
"riem.knn","experimental","Neighbor indices/distances using the selected native distance.","Finite compatible observations; 1 <= k < N. Self is excluded by index; distinct zero-distance points are eligible and distance ties use input index.","Distance availability and numerical limitations inherit the selected geometry; no prediction or inferential calibration is provided.","Independent neighbor ordering, duplicated-point/self-exclusion, count, singleton and geometry-boundary tests.","R/learning_knn.R:74","tests/testthat/test-audit-knn.R",TRUE
"riem.kpca","validated_restricted","Centered Gaussian similarity based on the legacy extrinsic distance definition.","A reproducing-kernel interpretation requires a positive-semidefinite kernel, not merely nonnegative pair weights.","Empirical negative spectrum is reported, warns and is explicitly truncated or rejected. Truncation is an approximation; an empirically PSD sample does not prove global positive definiteness.","Independent Gram reconstruction, sqrt-eigenvalue scores, spectrum ordering and indefinite-matrix tests.","R/visualization_kpca.R:66","tests/testthat/test-legacy-contracts.R",TRUE
"riem.m2skreg","core","Scalar-response Gaussian Nadaraya-Watson regression using available distances.","Finite scalar responses; positive finite bandwidth; explicit fold assignment or randomized K-fold validation.","Self-weights enter training fitted values. Positive radial weights do not assert that a kernel is positive semidefinite. Prediction stores geometry; no automatic inferential intervals.","Independent weighted-average and all-fold CV fixtures, extreme bandwidth/response tests, failure and persistence tests.","R/inference_m2skreg.R:41","tests/testthat/test-kernel-regression.R; tests/testthat/test-membership-persistence.R",TRUE
"riem.m2skregCV","core","Scalar-response Gaussian Nadaraya-Watson regression using available distances.","Finite scalar responses; positive finite bandwidth; explicit fold assignment or randomized K-fold validation.","Self-weights enter training fitted values. Positive radial weights do not assert that a kernel is positive semidefinite. Prediction stores geometry; no automatic inferential intervals.","Independent weighted-average and all-fold CV fixtures, extreme bandwidth/response tests, failure and persistence tests.","R/inference_m2skregCV.R:47","tests/testthat/test-kernel-regression.R",TRUE
"riem.mds","validated_restricted","Classical scaling of a finite available distance matrix.","Double-centering squared distances; descending positive eigenspace with sqrt-eigenvalue scores.","Non-Euclidean distances can have a negative spectrum, which is returned and explicitly truncated or rejected; no exact isometry claim. Requested excess dimensions are zero-filled.","Euclidean reconstruction, constant/rank-deficient input and spherical negative-spectrum tests.","R/visualization_mds.R:65","tests/testthat/test-legacy-contracts.R",TRUE
"riem.mean","core","Resolved mean/median capabilities; finite nonnegative weights of positive total mass.","Objective uses the same declared distances. Intrinsic solvers return numerical estimates and convergence diagnostics; stationary termination establishes a first-order condition only.","A stationary point can be a saddle or maximum; neither local minimality nor uniqueness/global optimality is certified. Some extrinsic medians are explicitly projected ambient estimates. Unsupported geometry combinations error.","Shared solver tests and low-dimensional/reference fixtures.","R/inference_mean.R:73","tests/testthat/test-audit-ordination.R; tests/testthat/test-legacy-geometry.R; tests/testthat/test-membership-persistence.R; tests/testthat/test-summaries.R",TRUE
"riem.median","core","Resolved mean/median capabilities; finite nonnegative weights of positive total mass.","Objective uses the same declared distances. Intrinsic solvers return numerical estimates and convergence diagnostics; stationary termination establishes a first-order condition only.","A stationary point can be a saddle or maximum; neither local minimality nor uniqueness/global optimality is certified. Some extrinsic medians are explicitly projected ambient estimates. Unsupported geometry combinations error.","Shared solver tests and low-dimensional/reference fixtures.","R/inference_median.R:79","tests/testthat/test-legacy-geometry.R; tests/testthat/test-summaries.R",TRUE
"riem.nmshift","experimental","Intrinsic non-blurring mean-shift modes with downstream medoid grouping.","A radial weighting rule is distinct from a normalized manifold density and must be interpreted with its metric.","Global density-mode consistency and bandwidth effects are not established for every manifold; private model-selection helper remains.","Static source and dependency review; statistical mode/calibration validation pending.","R/clustering_nmshift.R:80","",TRUE
"riem.pdist","core","Available distance backends resolved for compatible riemdata.","Distances are unsquared; quotient identification and invariances follow the resolved geometry.","Core independent geometry checks emphasize Euclidean, SPD and sphere; other available native manifolds retain their recorded validation status.","Primitive boundary/independent-reference tests; full manifold certification is not inferred.","R/basic_pdist.R:46","tests/testthat/test-core-geometry.R; tests/testthat/test-legacy-geometry.R; tests/testthat/test-membership-persistence.R; tests/testthat/test-tangent-pca.R",TRUE
"riem.pdist2","core","Available distance backends resolved for compatible riemdata.","Distances are unsquared; quotient identification and invariances follow the resolved geometry.","Core independent geometry checks emphasize Euclidean, SPD and sphere; other available native manifolds retain their recorded validation status.","Primitive boundary/independent-reference tests; full manifold certification is not inferred.","R/basic_pdist2.R:59","tests/testthat/test-core-geometry.R",TRUE
"riem.pga","core","Declared tangent/chart PCA: Euclidean, SPD affine-invariant or log-Euclidean, round sphere and supported regular landmark configurations.","Coordinates are metric compatible at the saved base point; prediction reuses that base point and basis.","Tangent/chart approximation rather than exact nonlinear PGA. Cut loci and singular/ambiguous landmark alignments are restricted; explained variance is in the declared coordinate model.","Independent coordinate, reconstruction, variance and persistence tests, including highly unequal positive weights and normalization underflow rejection.","R/visualization_pga.R:97","tests/testthat/test-audit-ordination.R; tests/testthat/test-membership-persistence.R; tests/testthat/test-tangent-pca.R",TRUE
"riem.phate","experimental","Descriptive nonlinear ordination from pairwise distances.","Sammon requires a policy for zero dissimilarities; t-SNE uses neighborhood probabilities; PHATE uses a diffusion graph.","Low-dimensional visual separation is not statistical group evidence. Parameter/duplicate/disconnected-graph behavior and private helper dependencies remain to be consolidated; no out-of-sample model is supplied.","Static source and private-dependency review; independent loss/optimizer validation pending.","R/visualization_phate.R:70","",TRUE
"riem.reconstruct","core","Declared tangent/chart PCA: Euclidean, SPD affine-invariant or log-Euclidean, round sphere and supported regular landmark configurations.","Coordinates are metric compatible at the saved base point; prediction reuses that base point and basis.","Tangent/chart approximation rather than exact nonlinear PGA. Cut loci and singular/ambiguous landmark alignments are restricted; explained variance is in the declared coordinate model.","Independent coordinate, reconstruction, variance and persistence tests, including highly unequal positive weights and normalization underflow rejection.","R/visualization_pga.R:237","tests/testthat/test-tangent-pca.R",TRUE
"riem.reconstruct.riem_pga","core","Declared tangent/chart PCA: Euclidean, SPD affine-invariant or log-Euclidean, round sphere and supported regular landmark configurations.","Coordinates are metric compatible at the saved base point; prediction reuses that base point and basis.","Tangent/chart approximation rather than exact nonlinear PGA. Cut loci and singular/ambiguous landmark alignments are restricted; explained variance is in the declared coordinate model.","Independent coordinate, reconstruction, variance and persistence tests, including highly unequal positive weights and normalization underflow rejection.","R/visualization_pga.R:244","",TRUE
"riem.rmml","experimental","Label-supervised intrinsic distance transformation.","Finite compatible labels and the metric-learning objective/regularizer must justify any reported metric.","Positive semidefiniteness, label-degeneracy behavior and out-of-sample statistical contract require independent review.","Independent Grassmann projector embedding, basis invariance and regularized metric-learning fixtures; broader learned-distance validity not certified.","R/learning_rmml.R:65","tests/testthat/test-audit-rmml.R",TRUE
"riem.sammon","experimental","Descriptive sample-only Sammon ordination from finite pairwise distances.","Off-diagonal original distances must be strictly positive. Optimization uses normalized distances, the Sammon diagonal Hessian and descent backtracking.","No global minimum or class-recovery guarantee. Duplicate observations error because the inverse-distance loss is undefined; no out-of-sample model is supplied.","Independent loss and derivative calculations, scale and descent checks, duplicate policy and the October 2026 divergence regression fixture.","R/visualization_sammon.R:86","tests/testthat/test-audit-ordination.R",TRUE
"riem.sc05Z","experimental","Spectral clustering from nonnegative affinities via T4cluster.","Graph normalization and connectedness/positive degrees matter. Affinity graphs do not require a PSD Mercer kernel.","External implementation, zero-degree/disconnected cases and full parameter boundaries are not comprehensively validated. Partition is descriptive, not inferential evidence.","Static source and dependency audit; broad independent mathematical validation pending.","R/clustering_sc05Z.R:73","",TRUE
"riem.scNJW","experimental","Spectral clustering from nonnegative affinities via T4cluster.","Graph normalization and connectedness/positive degrees matter. Affinity graphs do not require a PSD Mercer kernel.","External implementation, zero-degree/disconnected cases and full parameter boundaries are not comprehensively validated. Partition is descriptive, not inferential evidence.","Static source and dependency audit; broad independent mathematical validation pending.","R/clustering_scNJW.R:73","",TRUE
"riem.scSM","experimental","Spectral clustering from nonnegative affinities via T4cluster.","Graph normalization and connectedness/positive degrees matter. Affinity graphs do not require a PSD Mercer kernel.","External implementation, zero-degree/disconnected cases and full parameter boundaries are not comprehensively validated. Partition is descriptive, not inferential evidence.","Static source and dependency audit; broad independent mathematical validation pending.","R/clustering_scSM.R:73","",TRUE
"riem.scUL","experimental","Spectral clustering from nonnegative affinities via T4cluster.","Graph normalization and connectedness/positive degrees matter. Affinity graphs do not require a PSD Mercer kernel.","External implementation, zero-degree/disconnected cases and full parameter boundaries are not comprehensively validated. Partition is descriptive, not inferential evidence.","Static source and dependency audit; broad independent mathematical validation pending.","R/clustering_scUL.R:73","",TRUE
"riem.seb","experimental","Iterative smallest-enclosing-ball approximation.","Geodesic convexity, curvature and radius assumptions of the source method determine convergence guarantees.","No general-manifold global optimality/certified enclosure claim; solver and boundary review pending.","Static source/native call mapping.","R/learning_seb.R:65","",TRUE
"riem.test2bg14","validated_restricted","Permutation statistic of within/between mean distances, at least two observations per group.","Independent observations exchangeable under identical group distributions; fixed geometry for every assignment.","The tested mean-distance discrepancy is not asserted to detect every alternative in every manifold. No finite-population or dependent-data calibration.","Independent statistic, compatible groups, inclusive ties and plus-one permutation tests.","R/inference_test2bg14.R:87","tests/testthat/test-legacy-contracts.R",TRUE
"riem.test2wass","validated_restricted","Empirical probability measures with finite available ground distances and finite p >= 1.","Exact default calls the external linear-program solver and checks plan feasibility; test permutations require independent exchangeable observations.","Numerical plan checks do not certify optimality. Explicit use.smooth=TRUE remains an experimental IPOT approximation with no optimality certificate; high powers can lose precision.","One-dimensional transport reference, extreme weight normalization, singleton matrices, marginals and permutation fixtures.","R/inference_test2wass.R:87","tests/testthat/test-legacy-contracts.R",TRUE
"riem.tsne","experimental","Descriptive nonlinear ordination from pairwise distances.","Sammon requires a policy for zero dissimilarities; t-SNE uses neighborhood probabilities; PHATE uses a diffusion graph.","Low-dimensional visual separation is not statistical group evidence. Parameter/duplicate/disconnected-graph behavior and private helper dependencies remain to be consolidated; no out-of-sample model is supplied.","Static source and private-dependency review; independent loss/optimizer validation pending.","R/visualization_tsne.R:61","",TRUE
"riem.wasserstein","validated_restricted","Empirical probability measures with finite available ground distances and finite p >= 1.","Exact default calls the external linear-program solver and checks plan feasibility; test permutations require independent exchangeable observations.","Numerical plan checks do not certify optimality. Explicit use.smooth=TRUE remains an experimental IPOT approximation with no optimality certificate; high powers can lose precision.","One-dimensional transport reference, extreme weight normalization, singleton matrices, marginals and permutation fixtures.","R/basic_wasserstein.R:70","tests/testthat/test-legacy-contracts.R",TRUE
"rmacg","validated_restricted","Angular models on sphere/Stiefel (MACG also descends to Grassmann), densities relative to uniform probability measure.","Positive-definite shape parameter is scale invariant and trace normalized. Interior identifiable estimation requires adequate dispersion across proper subspaces.","Fixed-point convergence is reported but does not certify existence/uniqueness. Full-dimensional MACG estimation is unidentifiable and errors. Density overflow may require log=TRUE.","Independent density formula/integration, scale and basis invariance, polar sample membership and fixed-point residual tests.","R/dist_macg.R:85","tests/testthat/test-legacy-contracts.R",TRUE
"rmvnorm","experimental","Gaussian simulation utility.","Finite dimension-compatible mean and positive-definite covariance with positive integer sample count.","Legacy boundary validation and single-versus-multiple return shape need consolidation. Native covariance/RNG correctness is not inferred from compilation.","Static source/native mapping; independent distribution/boundary audit pending.","R/utility_rmvnorm.R:44","",TRUE
"rsplaplace","experimental","Geodesic spherical Laplace or spherical normal distributions.","Sphere dimension, reference surface measure, normalizer and positive scale/concentration determine the density.","Normalizer accuracy, extreme concentration, sampler distribution and optimizer convergence are not yet comprehensively independently verified.","Static source and native dependency mapping; full distributional validation pending.","R/dist_splaplace.R:118","tests/testthat/test-audit-distributions.R",TRUE
"rspnorm","experimental","Geodesic spherical Laplace or spherical normal distributions.","Sphere dimension, reference surface measure, normalizer and positive scale/concentration determine the density.","Normalizer accuracy, extreme concentration, sampler distribution and optimizer convergence are not yet comprehensively independently verified.","Static source and native dependency mapping; full distributional validation pending.","R/dist_spnorm.R:115","",TRUE
"spd.geometry","experimental","Legacy named SPD distances or Bures-Wasserstein barycenter interface.","Each named dissimilarity/metric and barycenter has its own mathematical definition; names do not establish equivalence.","These legacy choices are distinct from the consolidated saved affine-invariant/log-Euclidean models. Metric properties, numerical stability and barycenter convergence require individual audits.","Static source/native mapping; broad legacy metric validation pending.","R/special_spd_geometry.R:30","",TRUE
"spd.pdist","experimental","Legacy named SPD distances, with affine-invariant/log-Euclidean choices routed to the shared distance interface.","Stein uses the scaled relative spectrum; Bures-Wasserstein uses a Cholesky-factor orthogonal-alignment residual. Inputs must remain numerically positive definite.","Extreme conditioning can prevent factorization. Named legacy dissimilarities do not define interchangeable fitted-model geometries, and not every choice has received the same validation.","Independent diagonal/2-by-2 formulas, scaling/congruence checks, identical/nearby matrix and determinant-overflow regression tests for Stein and Bures-Wasserstein.","R/special_spd_pdist.R:64","tests/testthat/test-audit-spd-distances.R",TRUE
"spd.wassbary","experimental","Legacy named SPD distances or Bures-Wasserstein barycenter interface.","Each named dissimilarity/metric and barycenter has its own mathematical definition; names do not establish equivalence.","These legacy choices are distinct from the consolidated saved affine-invariant/log-Euclidean models. Metric properties, numerical stability and barycenter convergence require individual audits.","Static source/native mapping; broad legacy metric validation pending.","R/special_spd_wassbary.R:53","",TRUE
"sphere.geo2xyz","experimental","Geographic/cartesian coordinate conversion on the unit two-sphere.","Documented longitude/latitude ordering, decimal degrees and unit-vector inputs.","Pole/antimeridian, invalid norm, recycling and input-shape contracts remain independently unaudited; this is representation conversion rather than inference.","Static source mapping; systematic conversion fixtures pending.","R/special_sphere.R:208","",TRUE
"sphere.runif","experimental","Uniform probability draws in the declared representation.","Sphere normalization and Stiefel/Grassmann orthogonalization must generate the intended invariant probability law.","Representation validity alone does not verify a distribution or cross-platform RNG sequence; full independent moment/distribution tests remain pending.","Source/native RNG mapping and manifold membership checks where available.","R/special_sphere.R:43","",TRUE
"sphere.utest","experimental","Asymptotic Rayleigh or Bingham moment tests of invariant uniformity.","Independent identically distributed observations, appropriate dimensions and asymptotic calibration; moment tests need not detect all nonuniform alternatives.","Finite-sample and modified-expansion calibration are not certified. Grassmann proper-subspace requirement and singular p=2 modified formula are explicitly restricted.","Static formula review plus explicit singular-domain boundary tests; Monte Carlo size/power study pending.","R/special_sphere.R:117","",TRUE
"sphere.xyz2geo","experimental","Geographic/cartesian coordinate conversion on the unit two-sphere.","Documented longitude/latitude ordering, decimal degrees and unit-vector inputs.","Pole/antimeridian, invalid norm, recycling and input-shape contracts remain independently unaudited; this is representation conversion rather than inference.","Static source mapping; systematic conversion fixtures pending.","R/special_sphere.R:222","",TRUE
"stiefel.optSA","experimental","Stochastic black-box optimization on Grassmann/Stiefel representations.","Objective must be a finite scalar and Grassmann objectives must be basis invariant. Stiefel QR factors receive column signs from the triangular diagonal.","No global optimum certificate; finite-run annealing/population convergence is not established.","Regression tests for both Stiefel hemispheres, manifold membership and objective-consistent returns above the former Grassmann sentinel.","R/special_stiefel.R:266","tests/testthat/test-audit-optimizers.R",TRUE
"stiefel.runif","experimental","Uniform probability draws in the declared representation.","Sphere normalization and Stiefel/Grassmann orthogonalization must generate the intended invariant probability law.","Representation validity alone does not verify a distribution or cross-platform RNG sequence; full independent moment/distribution tests remain pending.","Source/native RNG mapping and manifold membership checks where available.","R/special_stiefel.R:44","",TRUE
"stiefel.utest","experimental","Asymptotic Rayleigh or Bingham moment tests of invariant uniformity.","Independent identically distributed observations, appropriate dimensions and asymptotic calibration; moment tests need not detect all nonuniform alternatives.","Finite-sample and modified-expansion calibration are not certified. Grassmann proper-subspace requirement and singular p=2 modified formula are explicitly restricted.","Static formula review plus explicit singular-domain boundary tests; Monte Carlo size/power study pending.","R/special_stiefel.R:135","",TRUE
"summary.m2skreg","core","Scalar-response Gaussian Nadaraya-Watson regression using available distances.","Finite scalar responses; positive finite bandwidth; explicit fold assignment or randomized K-fold validation.","Self-weights enter training fitted values. Positive radial weights do not assert that a kernel is positive semidefinite. Prediction stores geometry; no automatic inferential intervals.","Independent weighted-average and all-fold CV fixtures, extreme bandwidth/response tests, failure and persistence tests.","R/inference_m2skreg.R:135","",TRUE
"summary.riem_kmeans","core","Squared-distance clustering with shared compatible means and explicit algorithms.","Lloyd/local optimization, initialization, ties and empty clusters follow the saved controls.","General-manifold global optimum and approximation guarantees are not claimed; accelerated pruning requires the documented metric contract.","Clustering objective, prediction and diagnostic tests; read fit convergence.","R/clustering_kmeans.R:195","",TRUE
"summary.riem_pga","core","Declared tangent/chart PCA: Euclidean, SPD affine-invariant or log-Euclidean, round sphere and supported regular landmark configurations.","Coordinates are metric compatible at the saved base point; prediction reuses that base point and basis.","Tangent/chart approximation rather than exact nonlinear PGA. Cut loci and singular/ambiguous landmark alignments are restricted; explained variance is in the declared coordinate model.","Independent coordinate, reconstruction, variance and persistence tests, including highly unequal positive weights and normalization underflow rejection.","R/visualization_pga.R:280","",TRUE
"summary.riem_summary","core","Presentation of validated inputs and saved summary metadata.","Presentation adds no inferential calibration.","Convergence and estimand fields of the underlying fit remain authoritative.","Summary object/interface tests; no separate estimator claim.","R/model_methods.R:59","",TRUE
"summary.riemdata","core","Presentation of validated inputs and saved summary metadata.","Presentation adds no inferential calibration.","Convergence and estimand fields of the underlying fit remain authoritative.","Summary object/interface tests; no separate estimator claim.","R/model_methods.R:27","",TRUE
"wrap.correlation","core","Input representation only; accepted dimensions, finite values and manifold membership are validated.","A valid wrapped representation does not establish availability or correctness of a downstream geometry or estimator.","Correlation distance/summary, intrinsic Stiefel distance/summary, extrinsic fixed-rank SPD and extrinsic landmark summaries are restricted separately by the geometry layer.","Wrapper validation source and test-wrappers/test-membership-persistence evidence; consult current package test logs.","R/wrap03correlation.R:43","tests/testthat/test-legacy-geometry.R; tests/testthat/test-membership-persistence.R; tests/testthat/test-wrappers.R",TRUE
"wrap.euclidean","core","Input representation only; accepted dimensions, finite values and manifold membership are validated.","A valid wrapped representation does not establish availability or correctness of a downstream geometry or estimator.","Correlation distance/summary, intrinsic Stiefel distance/summary, extrinsic fixed-rank SPD and extrinsic landmark summaries are restricted separately by the geometry layer.","Wrapper validation source and test-wrappers/test-membership-persistence evidence; consult current package test logs.","R/wrap10euclidean.R:42","tests/testthat/test-audit-coresets.R; tests/testthat/test-audit-knn.R; tests/testthat/test-audit-ordination.R; tests/testthat/test-audit-rmml.R; tests/testthat/test-kernel-regression.R; tests/testthat/test-kmeans.R; tests/testthat/test-legacy-contracts.R; tests/testthat/test-membership-persistence.R; tests/testthat/test-summaries.R; tests/testthat/test-tangent-pca.R; tests/testthat/test-wrappers.R",TRUE
"wrap.grassmann","core","Input representation only; accepted dimensions, finite values and manifold membership are validated.","A valid wrapped representation does not establish availability or correctness of a downstream geometry or estimator.","Correlation distance/summary, intrinsic Stiefel distance/summary, extrinsic fixed-rank SPD and extrinsic landmark summaries are restricted separately by the geometry layer.","Wrapper validation source and test-wrappers/test-membership-persistence evidence; consult current package test logs.","R/wrap05grassmann.R:42","tests/testthat/test-audit-rmml.R; tests/testthat/test-legacy-contracts.R; tests/testthat/test-legacy-geometry.R; tests/testthat/test-membership-persistence.R; tests/testthat/test-summaries.R; tests/testthat/test-wrappers.R",TRUE
"wrap.landmark","core","Input representation only; accepted dimensions, finite values and manifold membership are validated.","A valid wrapped representation does not establish availability or correctness of a downstream geometry or estimator.","Correlation distance/summary, intrinsic Stiefel distance/summary, extrinsic fixed-rank SPD and extrinsic landmark summaries are restricted separately by the geometry layer.","Wrapper validation source and test-wrappers/test-membership-persistence evidence; consult current package test logs.","R/wrap12landmark.R:40","tests/testthat/test-legacy-geometry.R; tests/testthat/test-tangent-pca.R; tests/testthat/test-wrappers.R",TRUE
"wrap.multinomial","core","Input representation only; accepted dimensions, finite values and manifold membership are validated.","A valid wrapped representation does not establish availability or correctness of a downstream geometry or estimator.","Correlation distance/summary, intrinsic Stiefel distance/summary, extrinsic fixed-rank SPD and extrinsic landmark summaries are restricted separately by the geometry layer.","Wrapper validation source and test-wrappers/test-membership-persistence evidence; consult current package test logs.","R/wrap07multinomial.R:46","tests/testthat/test-legacy-geometry.R; tests/testthat/test-membership-persistence.R; tests/testthat/test-wrappers.R",TRUE
"wrap.rotation","core","Input representation only; accepted dimensions, finite values and manifold membership are validated.","A valid wrapped representation does not establish availability or correctness of a downstream geometry or estimator.","Correlation distance/summary, intrinsic Stiefel distance/summary, extrinsic fixed-rank SPD and extrinsic landmark summaries are restricted separately by the geometry layer.","Wrapper validation source and test-wrappers/test-membership-persistence evidence; consult current package test logs.","R/wrap06rotation.R:42","tests/testthat/test-legacy-geometry.R; tests/testthat/test-membership-persistence.R; tests/testthat/test-wrappers.R",TRUE
"wrap.spd","core","Input representation only; accepted dimensions, finite values and manifold membership are validated.","A valid wrapped representation does not establish availability or correctness of a downstream geometry or estimator.","Correlation distance/summary, intrinsic Stiefel distance/summary, extrinsic fixed-rank SPD and extrinsic landmark summaries are restricted separately by the geometry layer.","Wrapper validation source and test-wrappers/test-membership-persistence evidence; consult current package test logs.","R/wrap02spd.R:45","tests/testthat/test-audit-coresets.R; tests/testthat/test-audit-spd-distances.R; tests/testthat/test-core-geometry.R; tests/testthat/test-kmeans.R; tests/testthat/test-membership-persistence.R; tests/testthat/test-summaries.R; tests/testthat/test-tangent-pca.R; tests/testthat/test-wrappers.R",TRUE
"wrap.spdk","core","Input representation only; accepted dimensions, finite values and manifold membership are validated.","A valid wrapped representation does not establish availability or correctness of a downstream geometry or estimator.","Correlation distance/summary, intrinsic Stiefel distance/summary, extrinsic fixed-rank SPD and extrinsic landmark summaries are restricted separately by the geometry layer.","Wrapper validation source and test-wrappers/test-membership-persistence evidence; consult current package test logs.","R/wrap08spdk.R:52","tests/testthat/test-legacy-geometry.R; tests/testthat/test-membership-persistence.R; tests/testthat/test-wrappers.R",TRUE
"wrap.sphere","core","Input representation only; accepted dimensions, finite values and manifold membership are validated.","A valid wrapped representation does not establish availability or correctness of a downstream geometry or estimator.","Correlation distance/summary, intrinsic Stiefel distance/summary, extrinsic fixed-rank SPD and extrinsic landmark summaries are restricted separately by the geometry layer.","Wrapper validation source and test-wrappers/test-membership-persistence evidence; consult current package test logs.","R/wrap01sphere.R:43","tests/testthat/test-audit-distributions.R; tests/testthat/test-audit-knn.R; tests/testthat/test-audit-ordination.R; tests/testthat/test-core-geometry.R; tests/testthat/test-kernel-regression.R; tests/testthat/test-kmeans.R; tests/testthat/test-legacy-contracts.R; tests/testthat/test-membership-persistence.R; tests/testthat/test-summaries.R; tests/testthat/test-tangent-pca.R; tests/testthat/test-wrappers.R",TRUE
"wrap.stiefel","core","Input representation only; accepted dimensions, finite values and manifold membership are validated.","A valid wrapped representation does not establish availability or correctness of a downstream geometry or estimator.","Correlation distance/summary, intrinsic Stiefel distance/summary, extrinsic fixed-rank SPD and extrinsic landmark summaries are restricted separately by the geometry layer.","Wrapper validation source and test-wrappers/test-membership-persistence evidence; consult current package test logs.","R/wrap04stiefel.R:44","tests/testthat/test-legacy-geometry.R; tests/testthat/test-membership-persistence.R; tests/testthat/test-wrappers.R",TRUE
